,Rating,group,id
0,5,17,0
1,3,17,1
2,5,17,2
3,5,17,3
4,5,17,4
5,5,17,5
6,5,17,6
7,4,17,7
8,4,17,8
9,5,17,9
10,5,17,10
11,5,17,11
12,4,17,12
13,4,17,13
14,4,17,14
15,5,17,15
16,5,17,16
17,4,17,17
18,5,17,18
19,5,17,19
20,4,17,20
21,4,17,21
22,4,17,22
23,4,17,23
24,4,17,24
25,5,17,25
26,5,17,26
27,5,17,27
28,5,17,28
29,5,17,29
30,5,17,30
31,5,17,31
32,5,17,32
33,5,17,33
34,5,17,34
35,5,17,35
36,5,17,36
37,4,17,37
38,4,17,38
39,4,17,39
40,5,17,40
41,5,17,41
42,5,17,42
43,4,17,43
44,5,17,44
45,4,17,45
46,4,17,46
47,5,17,47
48,4,17,48
49,5,17,49
50,5,17,50
51,4,17,51
52,5,17,52
53,5,17,53
54,5,17,54
55,5,17,55
56,4,17,56
57,3,17,57
58,4,17,58
59,5,17,59
60,5,17,60
61,5,17,61
62,5,17,62
63,5,17,63
64,5,17,64
65,5,17,65
66,5,17,66
67,5,17,67
68,5,17,68
69,5,17,69
70,5,17,70
71,5,17,71
72,4,17,72
73,5,17,73
74,5,17,74
75,5,17,75
76,5,17,76
77,5,17,77
78,3,17,78
79,4,17,79
80,5,17,80
81,5,17,81
82,5,17,82
83,5,17,83
84,5,17,84
85,5,17,85
86,5,17,86
87,5,17,87
88,5,17,88
89,5,17,89
90,5,17,90
91,3,17,91
92,5,17,92
93,5,17,93
94,5,17,94
95,3,17,95
96,4,17,96
97,4,17,97
98,5,17,98
99,5,17,99
100,4,17,100
101,5,17,101
102,5,17,102
103,5,17,103
104,5,17,104
105,4,17,105
106,4,17,106
107,4,17,107
108,5,17,108
109,5,17,109
110,5,17,110
111,5,17,111
112,5,17,112
113,5,17,113
114,5,17,114
115,5,17,115
116,5,17,116
117,5,17,117
118,5,17,118
119,5,17,119
120,5,17,120
121,4,17,121
122,5,17,122
123,4,17,123
124,5,17,124
125,5,17,125
126,5,17,126
127,5,17,127
128,3,17,128
129,4,17,129
130,5,17,130
131,5,17,131
132,5,17,132
133,5,17,133
134,5,17,134
135,5,17,135
136,4,17,136
137,5,17,137
138,5,17,138
139,5,17,139
140,5,17,140
141,5,17,141
142,5,17,142
143,3,17,143
144,5,17,144
145,5,17,145
146,4,17,146
147,5,17,147
148,4,17,148
149,5,17,149
150,3,17,150
151,5,17,151
152,5,17,152
153,5,17,153
154,5,17,154
155,4,17,155
156,5,17,156
157,5,17,157
158,1,17,158
159,5,17,159
160,5,17,160
161,5,17,161
162,5,17,162
163,5,17,163
164,5,17,164
165,5,17,165
166,5,17,166
167,4,17,167
168,5,17,168
169,4,17,169
170,5,17,170
171,5,17,171
172,2,17,172
173,4,17,173
174,5,17,174
175,5,17,175
176,4,17,176
177,5,17,177
178,5,32,178
179,5,32,179
180,5,32,180
181,5,32,181
182,4,32,182
183,5,32,183
184,5,32,184
185,4,32,185
186,5,32,186
187,5,32,187
188,5,32,188
189,5,32,189
190,5,32,190
191,5,32,191
192,5,32,192
193,5,32,193
194,5,32,194
195,4,32,195
196,5,32,196
197,5,32,197
198,4,32,198
199,5,32,199
200,4,32,200
201,4,32,201
202,3,32,202
203,5,32,203
204,4,32,204
205,5,32,205
206,3,32,206
207,5,32,207
208,4,32,208
209,4,32,209
210,5,32,210
211,5,32,211
212,5,32,212
213,5,32,213
214,4,32,214
215,4,32,215
216,5,32,216
217,5,32,217
218,3,32,218
219,5,32,219
220,5,32,220
221,4,32,221
222,5,32,222
223,5,32,223
224,5,32,224
225,5,32,225
226,5,32,226
227,5,32,227
228,5,32,228
229,5,32,229
230,5,32,230
231,5,32,231
232,5,32,232
233,4,32,233
234,5,32,234
235,5,27,235
236,5,27,236
237,4,27,237
238,4,27,238
239,5,27,239
240,5,27,240
241,5,27,241
242,5,27,242
243,4,27,243
244,5,27,244
245,5,27,245
246,5,27,246
247,5,27,247
248,5,27,248
249,4,27,249
250,4,27,250
251,4,27,251
252,4,27,252
253,5,27,253
254,5,27,254
255,5,27,255
256,5,27,256
257,5,27,257
258,4,27,258
259,4,27,259
260,5,27,260
261,5,27,261
262,4,27,262
263,5,27,263
264,5,27,264
265,5,27,265
266,5,27,266
267,5,27,267
268,3,27,268
269,5,27,269
270,5,27,270
271,4,27,271
272,3,27,272
273,5,27,273
274,4,27,274
275,3,27,275
276,5,27,276
277,3,27,277
278,5,27,278
279,5,27,279
280,5,27,280
281,5,27,281
282,5,27,282
283,5,27,283
284,5,27,284
285,4,27,285
286,5,27,286
287,5,14,287
288,3,14,288
289,5,14,289
290,4,14,290
291,4,14,291
292,4,14,292
293,5,14,293
294,5,14,294
295,4,14,295
296,4,14,296
297,4,14,297
298,3,14,298
299,5,14,299
300,5,14,300
301,5,14,301
302,4,14,302
303,5,14,303
304,5,14,304
305,5,14,305
306,5,14,306
307,5,14,307
308,5,14,308
309,4,14,309
310,5,14,310
311,5,14,311
312,5,14,312
313,5,14,313
314,5,14,314
315,5,14,315
316,5,14,316
317,5,14,317
318,5,14,318
319,5,14,319
320,5,14,320
321,5,14,321
322,5,14,322
323,5,14,323
324,5,14,324
325,4,14,325
326,5,14,326
327,4,14,327
328,5,14,328
329,4,14,329
330,5,14,330
331,3,14,331
332,5,14,332
333,5,14,333
334,5,14,334
335,4,14,335
336,5,14,336
337,3,14,337
338,5,14,338
339,3,14,339
340,5,14,340
341,2,14,341
342,4,14,342
343,5,14,343
344,5,14,344
345,4,14,345
346,4,14,346
347,4,14,347
348,5,14,348
349,5,14,349
350,5,14,350
351,5,14,351
352,4,14,352
353,4,14,353
354,4,14,354
355,5,14,355
356,5,14,356
357,5,14,357
358,5,14,358
359,4,14,359
360,4,14,360
361,5,14,361
362,5,14,362
363,4,14,363
364,5,14,364
365,5,14,365
366,4,14,366
367,5,14,367
368,5,14,368
369,4,14,369
370,5,14,370
371,4,14,371
372,4,14,372
373,5,14,373
374,5,14,374
375,5,14,375
376,5,14,376
377,5,14,377
378,5,14,378
379,4,14,379
380,5,14,380
381,5,14,381
382,4,14,382
383,5,14,383
384,5,14,384
385,5,14,385
386,4,14,386
387,5,14,387
388,5,14,388
389,4,14,389
390,5,14,390
391,5,14,391
392,5,14,392
393,5,14,393
394,4,14,394
395,5,14,395
396,5,14,396
397,5,14,397
398,5,14,398
399,5,14,399
400,5,14,400
401,5,14,401
402,5,14,402
403,5,14,403
404,5,14,404
405,5,14,405
406,5,14,406
407,5,14,407
408,5,14,408
409,5,14,409
410,4,14,410
411,5,14,411
412,4,14,412
413,4,14,413
414,4,14,414
415,5,14,415
416,5,14,416
417,4,14,417
418,5,14,418
419,5,14,419
420,5,14,420
421,5,14,421
422,5,14,422
423,5,14,423
424,5,14,424
425,5,14,425
426,5,14,426
427,5,14,427
428,5,14,428
429,5,14,429
430,5,14,430
431,4,14,431
432,5,14,432
433,5,14,433
434,4,14,434
435,5,14,435
436,5,14,436
437,4,14,437
438,4,14,438
439,4,14,439
440,4,14,440
441,5,14,441
442,5,14,442
443,4,14,443
444,5,14,444
445,5,14,445
446,4,14,446
447,4,14,447
448,5,14,448
449,5,14,449
450,4,14,450
451,4,14,451
452,5,14,452
453,5,14,453
454,5,14,454
455,5,14,455
456,5,14,456
457,4,14,457
458,5,14,458
459,5,14,459
460,4,14,460
461,4,14,461
462,4,14,462
463,3,14,463
464,4,14,464
465,5,14,465
466,1,14,466
467,4,14,467
468,3,14,468
469,5,14,469
470,5,14,470
471,4,14,471
472,3,14,472
473,5,14,473
474,5,14,474
475,5,14,475
476,5,14,476
477,5,14,477
478,5,14,478
479,5,14,479
480,4,14,480
481,4,14,481
482,5,14,482
483,4,14,483
484,3,14,484
485,4,14,485
486,4,14,486
487,4,14,487
488,4,14,488
489,4,14,489
490,5,14,490
491,5,14,491
492,5,14,492
493,5,14,493
494,4,14,494
495,5,14,495
496,3,14,496
497,3,14,497
498,5,14,498
499,5,14,499
500,5,14,500
501,5,14,501
502,4,14,502
503,5,14,503
504,5,14,504
505,4,14,505
506,3,14,506
507,5,14,507
508,5,14,508
509,4,14,509
510,5,14,510
511,5,14,511
512,4,14,512
513,5,14,513
514,3,14,514
515,2,14,515
516,5,14,516
517,5,14,517
518,2,14,518
519,4,14,519
520,5,14,520
521,5,14,521
522,5,14,522
523,5,14,523
524,5,14,524
525,5,14,525
526,5,14,526
527,3,14,527
528,5,14,528
529,5,14,529
530,5,14,530
531,5,14,531
532,4,14,532
533,5,14,533
534,5,14,534
535,4,14,535
536,5,14,536
537,3,14,537
538,5,14,538
539,5,14,539
540,5,14,540
541,5,14,541
542,5,18,542
543,5,18,543
544,4,18,544
545,4,18,545
546,4,18,546
547,5,18,547
548,5,18,548
549,5,18,549
550,5,18,550
551,5,18,551
552,5,18,552
553,4,18,553
554,5,18,554
555,5,18,555
556,4,18,556
557,5,18,557
558,5,18,558
559,5,18,559
560,4,18,560
561,5,18,561
562,5,18,562
563,5,18,563
564,5,18,564
565,5,18,565
566,4,18,566
567,4,18,567
568,5,18,568
569,4,18,569
570,5,18,570
571,5,18,571
572,5,18,572
573,5,18,573
574,5,18,574
575,4,18,575
576,5,18,576
577,4,18,577
578,4,18,578
579,4,18,579
580,5,18,580
581,5,18,581
582,5,18,582
583,4,18,583
584,4,18,584
585,3,18,585
586,4,18,586
587,5,18,587
588,5,18,588
589,5,18,589
590,5,18,590
591,5,18,591
592,5,18,592
593,5,18,593
594,4,18,594
595,5,18,595
596,5,18,596
597,3,18,597
598,5,18,598
599,5,18,599
600,5,18,600
601,3,18,601
602,4,18,602
603,5,18,603
604,4,18,604
605,5,18,605
606,3,18,606
607,4,18,607
608,1,18,608
609,3,18,609
610,5,18,610
611,4,18,611
612,4,18,612
613,4,18,613
614,4,18,614
615,5,18,615
616,5,18,616
617,1,18,617
618,5,18,618
619,5,18,619
620,5,18,620
621,5,18,621
622,5,18,622
623,5,18,623
624,5,18,624
625,4,18,625
626,5,18,626
627,5,18,627
628,5,18,628
629,5,6,629
630,4,6,630
631,5,6,631
632,5,6,632
633,4,6,633
634,5,6,634
635,3,6,635
636,4,6,636
637,5,6,637
638,4,6,638
639,5,6,639
640,5,6,640
641,5,6,641
642,5,6,642
643,5,6,643
644,4,6,644
645,5,6,645
646,4,6,646
647,5,6,647
648,4,6,648
649,5,6,649
650,5,6,650
651,5,6,651
652,5,6,652
653,5,6,653
654,4,6,654
655,5,6,655
656,5,6,656
657,5,6,657
658,4,6,658
659,4,6,659
660,5,6,660
661,5,6,661
662,5,6,662
663,5,6,663
664,4,6,664
665,5,6,665
666,4,6,666
667,5,6,667
668,4,6,668
669,5,6,669
670,5,6,670
671,5,6,671
672,3,6,672
673,4,6,673
674,5,6,674
675,2,6,675
676,5,6,676
677,4,6,677
678,5,6,678
679,3,6,679
680,4,6,680
681,5,6,681
682,5,6,682
683,4,6,683
684,4,6,684
685,4,6,685
686,4,6,686
687,4,6,687
688,4,6,688
689,5,6,689
690,5,6,690
691,5,6,691
692,3,6,692
693,5,6,693
694,4,6,694
695,5,6,695
696,4,6,696
697,5,6,697
698,5,6,698
699,5,6,699
700,5,6,700
701,5,6,701
702,5,6,702
703,4,6,703
704,5,6,704
705,5,6,705
706,4,6,706
707,5,6,707
708,4,6,708
709,5,6,709
710,5,6,710
711,5,6,711
712,5,6,712
713,5,6,713
714,5,6,714
715,3,6,715
716,2,6,716
717,5,6,717
718,5,6,718
719,5,6,719
720,5,6,720
721,5,6,721
722,4,6,722
723,3,6,723
724,4,6,724
725,5,6,725
726,5,6,726
727,5,6,727
728,4,6,728
729,4,6,729
730,4,6,730
731,5,6,731
732,5,6,732
733,5,6,733
734,4,6,734
735,4,6,735
736,5,6,736
737,4,6,737
738,5,6,738
739,5,6,739
740,4,6,740
741,4,6,741
742,4,6,742
743,5,6,743
744,5,6,744
745,5,6,745
746,4,6,746
747,4,6,747
748,4,6,748
749,4,6,749
750,5,6,750
751,5,6,751
752,5,6,752
753,4,6,753
754,5,6,754
755,3,6,755
756,5,6,756
757,4,6,757
758,5,6,758
759,5,6,759
760,5,6,760
761,5,6,761
762,5,3,762
763,5,3,763
764,5,3,764
765,4,3,765
766,4,3,766
767,4,3,767
768,5,3,768
769,5,3,769
770,5,3,770
771,4,3,771
772,4,3,772
773,5,3,773
774,5,3,774
775,5,3,775
776,4,3,776
777,5,3,777
778,5,3,778
779,5,3,779
780,5,3,780
781,3,3,781
782,5,3,782
783,5,3,783
784,5,3,784
785,5,3,785
786,4,3,786
787,5,3,787
788,5,3,788
789,5,3,789
790,5,3,790
791,5,3,791
792,5,3,792
793,5,3,793
794,5,3,794
795,5,3,795
796,4,3,796
797,5,3,797
798,5,3,798
799,5,3,799
800,5,3,800
801,5,3,801
802,4,3,802
803,5,3,803
804,4,3,804
805,4,3,805
806,4,3,806
807,5,3,807
808,5,3,808
809,5,3,809
810,5,3,810
811,5,3,811
812,5,3,812
813,4,3,813
814,4,3,814
815,5,3,815
816,5,3,816
817,5,3,817
818,4,3,818
819,4,3,819
820,5,3,820
821,4,3,821
822,2,3,822
823,5,3,823
824,5,3,824
825,5,3,825
826,4,3,826
827,5,3,827
828,5,3,828
829,4,3,829
830,5,3,830
831,5,3,831
832,5,3,832
833,4,3,833
834,5,3,834
835,4,3,835
836,1,3,836
837,5,3,837
838,4,3,838
839,5,3,839
840,5,3,840
841,3,3,841
842,4,3,842
843,5,3,843
844,5,3,844
845,4,3,845
846,5,3,846
847,3,3,847
848,4,3,848
849,5,3,849
850,4,3,850
851,5,3,851
852,5,3,852
853,5,3,853
854,5,3,854
855,5,3,855
856,5,3,856
857,5,3,857
858,5,3,858
859,4,3,859
860,5,3,860
861,4,3,861
862,5,3,862
863,4,3,863
864,5,3,864
865,5,3,865
866,5,3,866
867,5,3,867
868,5,3,868
869,5,3,869
870,5,3,870
871,4,3,871
872,5,3,872
873,5,3,873
874,5,3,874
875,5,3,875
876,5,3,876
877,4,3,877
878,5,3,878
879,4,3,879
880,5,3,880
881,5,3,881
882,3,3,882
883,5,3,883
884,5,3,884
885,5,3,885
886,4,3,886
887,4,3,887
888,4,3,888
889,5,3,889
890,5,3,890
891,5,3,891
892,5,3,892
893,5,3,893
894,5,3,894
895,5,3,895
896,4,3,896
897,5,3,897
898,5,3,898
899,4,3,899
900,5,3,900
901,5,3,901
902,5,3,902
903,4,3,903
904,5,3,904
905,4,3,905
906,5,3,906
907,5,3,907
908,3,3,908
909,5,3,909
910,4,3,910
911,3,3,911
912,5,3,912
913,5,3,913
914,5,3,914
915,5,3,915
916,5,3,916
917,5,3,917
918,5,3,918
919,5,3,919
920,3,3,920
921,5,3,921
922,5,3,922
923,5,3,923
924,5,3,924
925,5,3,925
926,5,3,926
927,5,3,927
928,5,3,928
929,4,3,929
930,5,3,930
931,5,3,931
932,5,3,932
933,4,3,933
934,5,3,934
935,5,3,935
936,4,3,936
937,4,3,937
938,5,3,938
939,5,3,939
940,3,3,940
941,5,3,941
942,4,3,942
943,4,3,943
944,5,3,944
945,5,3,945
946,4,3,946
947,4,3,947
948,4,3,948
949,5,3,949
950,5,3,950
951,5,3,951
952,1,3,952
953,5,3,953
954,4,3,954
955,5,3,955
956,3,3,956
957,5,3,957
958,4,3,958
959,5,3,959
960,3,3,960
961,5,3,961
962,5,3,962
963,5,3,963
964,5,3,964
965,5,3,965
966,5,3,966
967,5,3,967
968,5,3,968
969,2,3,969
970,1,3,970
971,5,3,971
972,5,3,972
973,5,3,973
974,5,3,974
975,5,3,975
976,5,3,976
977,4,3,977
978,5,3,978
979,5,3,979
980,5,3,980
981,4,3,981
982,5,3,982
983,5,3,983
984,5,3,984
985,5,3,985
986,4,3,986
987,5,3,987
988,5,3,988
989,5,3,989
990,5,3,990
991,5,3,991
992,5,3,992
993,3,3,993
994,4,3,994
995,4,22,995
996,4,22,996
997,4,22,997
998,4,22,998
999,5,22,999
1000,5,22,1000
1001,3,22,1001
1002,5,22,1002
1003,4,22,1003
1004,5,22,1004
1005,5,22,1005
1006,4,22,1006
1007,5,22,1007
1008,5,22,1008
1009,4,22,1009
1010,4,22,1010
1011,4,22,1011
1012,5,22,1012
1013,5,22,1013
1014,5,22,1014
1015,4,22,1015
1016,4,22,1016
1017,4,22,1017
1018,5,22,1018
1019,5,22,1019
1020,4,22,1020
1021,3,22,1021
1022,5,22,1022
1023,5,22,1023
1024,5,22,1024
1025,5,22,1025
1026,5,22,1026
1027,4,22,1027
1028,4,22,1028
1029,4,22,1029
1030,3,22,1030
1031,4,22,1031
1032,5,22,1032
1033,4,22,1033
1034,4,22,1034
1035,5,22,1035
1036,5,22,1036
1037,5,22,1037
1038,5,22,1038
1039,5,22,1039
1040,4,22,1040
1041,5,22,1041
1042,4,22,1042
1043,4,22,1043
1044,4,22,1044
1045,3,22,1045
1046,4,22,1046
1047,5,22,1047
1048,4,22,1048
1049,5,22,1049
1050,3,22,1050
1051,4,22,1051
1052,5,22,1052
1053,5,22,1053
1054,5,22,1054
1055,5,22,1055
1056,5,22,1056
1057,4,22,1057
1058,4,22,1058
1059,5,22,1059
1060,5,22,1060
1061,4,22,1061
1062,3,22,1062
1063,5,22,1063
1064,5,22,1064
1065,5,22,1065
1066,5,22,1066
1067,5,22,1067
1068,5,22,1068
1069,5,22,1069
1070,5,22,1070
1071,5,22,1071
1072,4,22,1072
1073,5,22,1073
1074,5,22,1074
1075,3,22,1075
1076,4,22,1076
1077,5,22,1077
1078,4,22,1078
1079,4,22,1079
1080,5,22,1080
1081,4,22,1081
1082,4,22,1082
1083,5,22,1083
1084,5,22,1084
1085,4,22,1085
1086,3,22,1086
1087,4,22,1087
1088,4,22,1088
1089,5,22,1089
1090,5,22,1090
1091,5,22,1091
1092,4,22,1092
1093,4,22,1093
1094,4,22,1094
1095,4,22,1095
1096,5,22,1096
1097,1,22,1097
1098,4,22,1098
1099,5,22,1099
1100,5,22,1100
1101,5,22,1101
1102,4,22,1102
1103,5,22,1103
1104,5,22,1104
1105,5,22,1105
1106,5,22,1106
1107,4,22,1107
1108,5,22,1108
1109,4,22,1109
1110,5,22,1110
1111,4,22,1111
1112,5,22,1112
1113,5,22,1113
1114,5,22,1114
1115,5,22,1115
1116,4,22,1116
1117,5,22,1117
1118,5,22,1118
1119,4,22,1119
1120,4,22,1120
1121,4,22,1121
1122,5,22,1122
1123,5,22,1123
1124,5,22,1124
1125,5,22,1125
1126,5,22,1126
1127,3,22,1127
1128,4,22,1128
1129,5,22,1129
1130,5,0,1130
1131,5,0,1131
1132,5,0,1132
1133,5,0,1133
1134,5,0,1134
1135,5,0,1135
1136,5,0,1136
1137,5,0,1137
1138,5,0,1138
1139,5,0,1139
1140,5,0,1140
1141,5,0,1141
1142,4,0,1142
1143,4,0,1143
1144,4,0,1144
1145,4,0,1145
1146,4,0,1146
1147,5,0,1147
1148,5,0,1148
1149,5,0,1149
1150,5,0,1150
1151,5,0,1151
1152,3,0,1152
1153,5,0,1153
1154,4,0,1154
1155,4,0,1155
1156,4,1,1156
1157,5,1,1157
1158,5,1,1158
1159,4,1,1159
1160,5,1,1160
1161,5,1,1161
1162,5,1,1162
1163,5,1,1163
1164,5,1,1164
1165,5,1,1165
1167,4,1,1167
1168,5,1,1168
1169,5,1,1169
1170,5,2,1170
1171,5,2,1171
1172,5,2,1172
1173,4,2,1173
1174,5,2,1174
1175,5,2,1175
1176,5,2,1176
1177,5,2,1177
1178,4,2,1178
1179,5,2,1179
1180,5,2,1180
1181,5,2,1181
1182,5,2,1182
1183,5,2,1183
1184,4,2,1184
1185,5,2,1185
1186,5,2,1186
1187,4,2,1187
1188,5,2,1188
1189,4,2,1189
1190,5,2,1190
1191,5,2,1191
1192,5,2,1192
1193,5,2,1193
1194,5,2,1194
1195,4,2,1195
1196,5,2,1196
1197,5,2,1197
1198,5,2,1198
1199,5,2,1199
1200,5,2,1200
1201,4,2,1201
1202,5,2,1202
1203,3,2,1203
1204,5,2,1204
1205,5,2,1205
1206,5,2,1206
1207,4,2,1207
1208,5,2,1208
1209,5,2,1209
1210,5,2,1210
1211,4,2,1211
1212,4,2,1212
1213,5,2,1213
1214,5,2,1214
1215,5,4,1215
1216,5,4,1216
1217,4,4,1217
1218,5,4,1218
1219,5,4,1219
1220,5,4,1220
1221,4,4,1221
1222,4,4,1222
1223,4,4,1223
1224,5,4,1224
1225,5,4,1225
1226,4,4,1226
1227,5,4,1227
1228,5,4,1228
1229,5,4,1229
1230,5,4,1230
1231,5,4,1231
1232,5,4,1232
1233,5,4,1233
1234,5,4,1234
1235,5,4,1235
1236,5,4,1236
1237,5,4,1237
1238,5,4,1238
1239,5,4,1239
1240,5,4,1240
1241,5,4,1241
1242,5,4,1242
1243,4,4,1243
1244,5,4,1244
1245,5,4,1245
1246,5,4,1246
1247,5,4,1247
1248,5,4,1248
1249,5,4,1249
1250,5,4,1250
1251,5,4,1251
1252,4,5,1252
1253,5,5,1253
1254,5,5,1254
1255,5,5,1255
1256,5,5,1256
1257,5,5,1257
1258,5,5,1258
1259,5,5,1259
1260,5,5,1260
1261,5,5,1261
1262,5,5,1262
1263,5,5,1263
1264,5,5,1264
1265,4,5,1265
1266,5,5,1266
1267,4,5,1267
1268,4,5,1268
1269,5,5,1269
1270,5,5,1270
1271,5,5,1271
1272,4,5,1272
1273,5,5,1273
1274,5,5,1274
1275,5,5,1275
1276,5,5,1276
1277,4,5,1277
1278,5,5,1278
1279,3,5,1279
1280,4,5,1280
1281,5,5,1281
1282,4,5,1282
1283,5,5,1283
1284,5,5,1284
1285,5,5,1285
1286,4,5,1286
1287,5,5,1287
1288,5,5,1288
1289,5,5,1289
1290,5,5,1290
1291,4,5,1291
1292,5,5,1292
1293,5,5,1293
1294,5,5,1294
1295,5,5,1295
1296,5,5,1296
1297,5,5,1297
1298,5,5,1298
1299,1,5,1299
1300,5,5,1300
1301,5,5,1301
1302,5,5,1302
1303,5,5,1303
1304,5,5,1304
1305,5,5,1305
1306,5,5,1306
1307,5,5,1307
1308,5,5,1308
1309,5,5,1309
1310,5,5,1310
1311,5,5,1311
1312,3,5,1312
1313,5,7,1313
1314,4,7,1314
1315,3,7,1315
1316,5,7,1316
1317,4,8,1317
1318,5,8,1318
1319,4,8,1319
1320,5,8,1320
1321,4,8,1321
1322,5,8,1322
1323,4,8,1323
1324,5,8,1324
1325,4,8,1325
1326,5,8,1326
1327,4,8,1327
1328,5,8,1328
1329,5,8,1329
1330,5,8,1330
1331,5,8,1331
1332,5,8,1332
1333,5,8,1333
1334,5,8,1334
1335,5,8,1335
1336,4,8,1336
1337,5,8,1337
1338,5,8,1338
1339,4,8,1339
1340,5,8,1340
1341,5,8,1341
1342,4,8,1342
1343,4,8,1343
1344,5,8,1344
1345,5,8,1345
1346,5,8,1346
1347,4,8,1347
1348,4,8,1348
1349,5,8,1349
1350,5,8,1350
1351,4,8,1351
1352,5,8,1352
1353,1,8,1353
1354,5,8,1354
1355,4,8,1355
1356,4,8,1356
1357,5,8,1357
1358,5,8,1358
1359,5,8,1359
1360,4,8,1360
1361,1,8,1361
1362,5,8,1362
1363,5,8,1363
1364,4,8,1364
1365,5,8,1365
1366,5,8,1366
1367,5,8,1367
1368,5,8,1368
1369,5,8,1369
1370,3,8,1370
1371,5,8,1371
1372,3,8,1372
1373,5,8,1373
1374,4,8,1374
1375,4,8,1375
1376,5,8,1376
1377,4,8,1377
1378,4,8,1378
1379,5,8,1379
1380,5,8,1380
1381,5,8,1381
1382,5,8,1382
1383,3,8,1383
1384,5,8,1384
1385,4,8,1385
1386,4,8,1386
1387,5,8,1387
1388,2,8,1388
1389,4,8,1389
1390,5,8,1390
1391,1,8,1391
1392,2,8,1392
1393,4,8,1393
1394,3,8,1394
1395,1,8,1395
1396,3,8,1396
1397,5,8,1397
1398,4,8,1398
1399,5,8,1399
1400,4,8,1400
1401,4,8,1401
1402,5,8,1402
1403,4,8,1403
1404,4,8,1404
1405,1,8,1405
1406,4,8,1406
1407,4,8,1407
1408,1,8,1408
1409,4,8,1409
1410,5,8,1410
1411,5,8,1411
1412,5,8,1412
1413,4,8,1413
1414,4,8,1414
1415,5,8,1415
1416,2,8,1416
1417,5,8,1417
1418,3,8,1418
1419,5,8,1419
1420,5,8,1420
1421,4,8,1421
1422,5,8,1422
1423,5,8,1423
1424,4,8,1424
1425,3,8,1425
1426,5,8,1426
1427,5,8,1427
1428,5,8,1428
1429,3,8,1429
1430,3,13,1430
1431,3,13,1431
1432,5,13,1432
1433,5,13,1433
1434,4,13,1434
1435,3,13,1435
1436,4,13,1436
1437,5,13,1437
1438,5,13,1438
1439,5,13,1439
1440,5,13,1440
1441,5,13,1441
1442,5,13,1442
1443,5,13,1443
1444,5,9,1444
1445,4,9,1445
1446,5,9,1446
1447,5,9,1447
1448,5,9,1448
1449,4,9,1449
1450,5,9,1450
1451,5,9,1451
1452,4,9,1452
1453,5,9,1453
1454,1,9,1454
1455,5,9,1455
1456,5,9,1456
1457,3,9,1457
1458,4,9,1458
1459,4,9,1459
1460,5,9,1460
1461,3,9,1461
1462,4,9,1462
1463,5,9,1463
1464,2,9,1464
1465,5,9,1465
1466,4,9,1466
1467,3,9,1467
1468,5,9,1468
1469,5,9,1469
1470,3,9,1470
1471,4,9,1471
1472,5,9,1472
1473,5,9,1473
1474,2,9,1474
1475,5,9,1475
1476,4,9,1476
1477,3,9,1477
1478,3,9,1478
1479,5,9,1479
1480,5,9,1480
1481,5,9,1481
1482,4,9,1482
1483,5,9,1483
1484,4,9,1484
1485,4,9,1485
1486,3,9,1486
1487,4,9,1487
1488,3,9,1488
1489,4,9,1489
1490,5,9,1490
1491,5,9,1491
1492,3,9,1492
1493,3,9,1493
1494,5,9,1494
1495,5,9,1495
1496,5,9,1496
1497,3,9,1497
1498,4,9,1498
1499,5,9,1499
1500,5,9,1500
1501,4,9,1501
1502,5,9,1502
1503,5,9,1503
1504,5,9,1504
1505,5,9,1505
1506,3,9,1506
1507,4,9,1507
1508,4,9,1508
1509,5,9,1509
1510,5,9,1510
1511,4,9,1511
1512,4,9,1512
1513,5,9,1513
1514,5,9,1514
1515,5,9,1515
1516,3,9,1516
1517,5,9,1517
1518,5,9,1518
1519,5,9,1519
1520,5,9,1520
1521,5,9,1521
1522,5,9,1522
1523,5,9,1523
1524,4,9,1524
1525,4,9,1525
1526,5,9,1526
1527,5,9,1527
1528,5,9,1528
1529,5,9,1529
1530,5,9,1530
1531,5,9,1531
1532,5,9,1532
1533,5,9,1533
1534,4,9,1534
1535,5,9,1535
1536,4,9,1536
1537,5,9,1537
1538,4,9,1538
1539,5,9,1539
1540,2,9,1540
1541,5,9,1541
1542,3,9,1542
1543,5,9,1543
1544,4,9,1544
1545,5,9,1545
1546,4,9,1546
1547,4,9,1547
1548,4,9,1548
1549,1,9,1549
1550,5,9,1550
1551,4,9,1551
1552,4,9,1552
1553,4,9,1553
1554,4,9,1554
1555,3,9,1555
1556,5,9,1556
1557,5,9,1557
1558,1,9,1558
1559,5,9,1559
1560,5,9,1560
1561,3,9,1561
1562,5,9,1562
1563,4,9,1563
1564,3,9,1564
1565,5,9,1565
1566,5,9,1566
1567,5,9,1567
1568,5,9,1568
1569,4,9,1569
1570,5,9,1570
1571,5,9,1571
1572,5,9,1572
1573,5,9,1573
1574,5,9,1574
1575,4,9,1575
1576,5,10,1576
1577,4,10,1577
1578,5,10,1578
1579,5,10,1579
1580,5,10,1580
1581,4,10,1581
1582,5,10,1582
1583,5,10,1583
1584,4,10,1584
1585,5,10,1585
1586,1,10,1586
1587,5,10,1587
1588,5,10,1588
1589,3,10,1589
1590,4,10,1590
1591,4,10,1591
1592,5,10,1592
1593,3,10,1593
1594,4,10,1594
1595,5,10,1595
1596,2,10,1596
1597,5,10,1597
1598,4,10,1598
1599,3,10,1599
1600,5,10,1600
1601,5,10,1601
1602,3,10,1602
1603,4,10,1603
1604,5,10,1604
1605,5,10,1605
1606,2,10,1606
1607,5,10,1607
1608,4,10,1608
1609,3,10,1609
1610,3,10,1610
1611,5,10,1611
1612,5,10,1612
1613,5,10,1613
1614,4,10,1614
1615,5,10,1615
1616,4,10,1616
1617,4,10,1617
1618,3,10,1618
1619,4,10,1619
1620,3,10,1620
1621,4,10,1621
1622,5,10,1622
1623,5,10,1623
1624,3,10,1624
1625,3,10,1625
1626,5,10,1626
1627,5,10,1627
1628,5,10,1628
1629,3,10,1629
1630,4,10,1630
1631,5,10,1631
1632,5,10,1632
1633,4,10,1633
1634,5,10,1634
1635,5,10,1635
1636,5,10,1636
1637,5,10,1637
1638,3,10,1638
1639,4,10,1639
1640,4,10,1640
1641,5,10,1641
1642,5,10,1642
1643,4,10,1643
1644,4,10,1644
1645,5,10,1645
1646,5,10,1646
1647,5,10,1647
1648,3,10,1648
1649,5,10,1649
1650,5,10,1650
1651,5,10,1651
1652,5,10,1652
1653,5,10,1653
1654,5,10,1654
1655,5,10,1655
1656,4,10,1656
1657,4,10,1657
1658,5,10,1658
1659,5,10,1659
1660,5,10,1660
1661,5,10,1661
1662,5,10,1662
1663,5,10,1663
1664,5,10,1664
1665,5,10,1665
1666,4,10,1666
1667,5,10,1667
1668,4,10,1668
1669,5,10,1669
1670,4,10,1670
1671,5,10,1671
1672,2,10,1672
1673,5,10,1673
1674,3,10,1674
1675,5,10,1675
1676,4,10,1676
1677,5,10,1677
1678,4,10,1678
1679,4,10,1679
1680,4,10,1680
1681,1,10,1681
1682,5,10,1682
1683,4,10,1683
1684,4,10,1684
1685,4,10,1685
1686,4,10,1686
1687,3,10,1687
1688,5,10,1688
1689,5,10,1689
1690,1,10,1690
1691,5,10,1691
1692,5,10,1692
1693,3,10,1693
1694,5,10,1694
1695,4,10,1695
1696,3,10,1696
1697,5,10,1697
1698,5,10,1698
1699,5,10,1699
1700,5,10,1700
1701,4,10,1701
1702,5,10,1702
1703,5,10,1703
1704,5,10,1704
1705,5,10,1705
1706,5,10,1706
1707,4,10,1707
1708,5,11,1708
1709,5,11,1709
1710,5,11,1710
1711,5,11,1711
1712,5,11,1712
1713,5,11,1713
1714,5,11,1714
1715,5,11,1715
1716,5,11,1716
1717,5,11,1717
1718,5,11,1718
1719,5,11,1719
1720,3,11,1720
1721,5,11,1721
1722,4,11,1722
1723,5,11,1723
1724,5,11,1724
1725,4,11,1725
1726,5,11,1726
1727,5,11,1727
1728,5,11,1728
1729,5,11,1729
1730,5,11,1730
1731,5,11,1731
1732,5,11,1732
1733,5,11,1733
1734,5,11,1734
1735,5,11,1735
1736,3,11,1736
1737,5,11,1737
1738,5,11,1738
1739,5,11,1739
1740,5,11,1740
1741,5,11,1741
1742,4,11,1742
1743,5,11,1743
1744,5,11,1744
1745,5,11,1745
1746,4,11,1746
1747,5,11,1747
1748,5,11,1748
1749,5,11,1749
1750,5,11,1750
1751,4,11,1751
1752,5,11,1752
1753,5,11,1753
1754,5,11,1754
1755,5,11,1755
1756,5,11,1756
1757,5,11,1757
1758,1,11,1758
1759,5,11,1759
1760,5,11,1760
1761,5,11,1761
1762,5,11,1762
1763,5,11,1763
1764,4,11,1764
1765,4,11,1765
1766,5,11,1766
1767,5,11,1767
1769,5,11,1769
1770,5,11,1770
1771,5,11,1771
1772,5,11,1772
1773,1,11,1773
1774,4,11,1774
1775,5,11,1775
1776,5,11,1776
1777,5,11,1777
1778,4,11,1778
1779,4,11,1779
1780,5,11,1780
1781,5,11,1781
1782,5,11,1782
1783,5,11,1783
1784,5,11,1784
1785,5,11,1785
1786,5,11,1786
1787,5,11,1787
1788,4,11,1788
1789,5,11,1789
1790,5,11,1790
1791,5,11,1791
1792,5,11,1792
1793,4,11,1793
1794,5,11,1794
1795,5,11,1795
1796,5,11,1796
1797,5,11,1797
1798,5,11,1798
1799,5,11,1799
1800,5,11,1800
1801,5,11,1801
1802,5,11,1802
1803,5,11,1803
1804,4,11,1804
1805,5,11,1805
1806,5,11,1806
1807,5,11,1807
1808,4,11,1808
1809,5,11,1809
1810,5,11,1810
1811,4,11,1811
1812,5,11,1812
1813,5,11,1813
1814,5,11,1814
1815,3,11,1815
1816,5,11,1816
1817,5,11,1817
1818,5,11,1818
1819,3,11,1819
1820,5,11,1820
1821,3,11,1821
1822,5,11,1822
1823,5,11,1823
1824,5,11,1824
1825,5,11,1825
1826,5,11,1826
1827,4,11,1827
1828,5,11,1828
1829,5,11,1829
1830,5,11,1830
1831,5,11,1831
1832,5,11,1832
1833,5,11,1833
1834,5,11,1834
1835,4,11,1835
1836,4,11,1836
1837,3,11,1837
1838,5,11,1838
1839,5,11,1839
1840,4,12,1840
1841,5,12,1841
1842,5,12,1842
1843,3,12,1843
1844,5,12,1844
1845,5,12,1845
1846,5,12,1846
1847,5,12,1847
1848,5,12,1848
1849,3,12,1849
1850,4,12,1850
1851,5,12,1851
1852,5,12,1852
1853,5,12,1853
1854,4,12,1854
1855,5,12,1855
1856,4,12,1856
1857,5,12,1857
1858,4,12,1858
1859,5,12,1859
1860,5,12,1860
1861,4,12,1861
1862,3,12,1862
1863,5,12,1863
1864,5,12,1864
1865,4,12,1865
1866,5,12,1866
1867,5,12,1867
1868,5,12,1868
1869,5,12,1869
1870,5,12,1870
1871,2,12,1871
1872,5,12,1872
1873,2,12,1873
1874,4,12,1874
1875,5,12,1875
1876,1,12,1876
1877,4,12,1877
1878,5,12,1878
1879,5,12,1879
1880,5,12,1880
1881,5,12,1881
1882,5,12,1882
1883,4,12,1883
1884,5,12,1884
1885,5,12,1885
1886,5,12,1886
1887,5,12,1887
1888,5,12,1888
1889,4,12,1889
1890,5,12,1890
1891,5,12,1891
1892,5,12,1892
1893,4,12,1893
1894,4,12,1894
1895,5,12,1895
1896,5,12,1896
1897,5,12,1897
1898,4,12,1898
1899,4,12,1899
1900,4,12,1900
1901,5,12,1901
1902,5,12,1902
1903,5,12,1903
1904,5,12,1904
1905,3,12,1905
1906,5,12,1906
1907,4,12,1907
1908,5,12,1908
1909,5,12,1909
1910,4,12,1910
1911,5,12,1911
1912,3,12,1912
1913,5,12,1913
1914,5,12,1914
1915,5,12,1915
1916,5,12,1916
1917,5,12,1917
1918,3,12,1918
1919,5,12,1919
1920,5,12,1920
1921,4,12,1921
1922,5,12,1922
1923,5,12,1923
1924,5,12,1924
1925,4,15,1925
1926,5,15,1926
1927,5,15,1927
1928,5,15,1928
1929,5,15,1929
1930,5,15,1930
1931,5,15,1931
1932,5,15,1932
1933,5,15,1933
1934,5,15,1934
1935,4,15,1935
1936,5,15,1936
1938,4,15,1938
1939,4,15,1939
1940,4,15,1940
1941,5,15,1941
1942,4,15,1942
1943,4,15,1943
1944,4,15,1944
1945,4,15,1945
1946,5,15,1946
1947,5,15,1947
1948,5,15,1948
1949,5,15,1949
1950,5,15,1950
1951,4,15,1951
1952,5,15,1952
1953,5,15,1953
1954,5,15,1954
1955,3,15,1955
1956,5,15,1956
1957,3,15,1957
1958,5,15,1958
1959,5,15,1959
1960,5,15,1960
1961,5,15,1961
1962,5,15,1962
1963,5,15,1963
1964,4,15,1964
1965,5,15,1965
1966,5,15,1966
1967,5,15,1967
1968,3,15,1968
1969,5,15,1969
1970,5,15,1970
1971,4,15,1971
1972,4,15,1972
1973,5,15,1973
1974,5,15,1974
1975,5,15,1975
1976,3,15,1976
1977,5,15,1977
1978,5,15,1978
1979,4,16,1979
1980,5,16,1980
1981,5,16,1981
1982,3,16,1982
1983,2,16,1983
1984,4,16,1984
1985,4,16,1985
1986,4,16,1986
1987,5,16,1987
1988,5,16,1988
1989,5,16,1989
1990,5,16,1990
1991,4,16,1991
1992,5,16,1992
1993,5,16,1993
1994,5,16,1994
1995,4,16,1995
1996,4,16,1996
1997,5,16,1997
1998,4,16,1998
1999,4,16,1999
2000,4,16,2000
2001,5,16,2001
2002,4,16,2002
2003,4,16,2003
2004,5,16,2004
2005,5,16,2005
2006,4,16,2006
2007,4,16,2007
2008,5,16,2008
2009,5,16,2009
2010,5,16,2010
2011,5,16,2011
2012,5,16,2012
2013,5,16,2013
2014,4,16,2014
2015,4,16,2015
2016,5,16,2016
2017,5,16,2017
2018,4,16,2018
2019,4,16,2019
2020,5,16,2020
2021,3,16,2021
2022,3,16,2022
2023,5,16,2023
2024,4,16,2024
2025,4,16,2025
2026,3,16,2026
2027,5,16,2027
2028,5,16,2028
2029,4,16,2029
2030,5,16,2030
2031,4,16,2031
2032,5,16,2032
2033,4,16,2033
2034,4,16,2034
2035,3,16,2035
2036,4,16,2036
2037,4,16,2037
2038,5,16,2038
2039,4,16,2039
2040,5,16,2040
2041,5,16,2041
2042,5,16,2042
2043,5,16,2043
2044,5,16,2044
2045,5,16,2045
2046,5,16,2046
2047,3,16,2047
2048,5,16,2048
2049,4,16,2049
2050,3,16,2050
2051,3,16,2051
2052,4,16,2052
2053,3,16,2053
2054,3,16,2054
2055,3,16,2055
2056,4,16,2056
2057,4,16,2057
2058,3,16,2058
2059,5,16,2059
2060,3,16,2060
2061,5,16,2061
2062,5,16,2062
2063,5,16,2063
2064,4,16,2064
2065,5,16,2065
2066,4,16,2066
2067,5,16,2067
2068,4,16,2068
2069,4,16,2069
2070,5,16,2070
2071,5,16,2071
2072,5,16,2072
2073,4,16,2073
2074,4,16,2074
2075,5,16,2075
2076,4,16,2076
2077,4,16,2077
2078,4,16,2078
2079,4,16,2079
2080,5,16,2080
2081,5,16,2081
2082,5,16,2082
2083,5,16,2083
2084,5,16,2084
2085,5,16,2085
2086,5,16,2086
2087,4,16,2087
2088,4,16,2088
2089,1,16,2089
2090,5,16,2090
2091,4,16,2091
2092,4,16,2092
2093,5,16,2093
2094,5,16,2094
2095,5,16,2095
2096,5,16,2096
2097,4,16,2097
2098,5,16,2098
2099,4,16,2099
2100,5,16,2100
2101,4,16,2101
2102,5,16,2102
2103,5,16,2103
2104,4,16,2104
2105,5,16,2105
2106,4,16,2106
2107,5,16,2107
2108,4,16,2108
2109,5,16,2109
2110,5,16,2110
2111,5,16,2111
2112,5,16,2112
2113,5,16,2113
2114,5,16,2114
2115,5,16,2115
2116,5,16,2116
2117,5,16,2117
2118,5,16,2118
2119,5,16,2119
2120,5,16,2120
2121,4,16,2121
2122,3,16,2122
2123,5,16,2123
2124,5,16,2124
2125,4,16,2125
2126,4,16,2126
2127,5,16,2127
2128,4,16,2128
2129,5,16,2129
2130,5,16,2130
2131,3,16,2131
2132,5,16,2132
2133,3,16,2133
2134,4,16,2134
2135,5,16,2135
2136,5,16,2136
2137,5,16,2137
2138,5,16,2138
2139,5,16,2139
2140,5,16,2140
2141,4,16,2141
2142,5,16,2142
2143,5,16,2143
2144,5,16,2144
2145,5,16,2145
2146,5,16,2146
2147,5,16,2147
2148,4,16,2148
2149,4,16,2149
2150,5,16,2150
2151,4,16,2151
2152,5,16,2152
2153,5,16,2153
2154,4,16,2154
2155,5,16,2155
2156,3,16,2156
2157,5,16,2157
2158,5,16,2158
2159,5,16,2159
2160,5,16,2160
2161,5,16,2161
2162,5,16,2162
2163,4,16,2163
2164,5,16,2164
2165,5,16,2165
2166,3,16,2166
2167,4,16,2167
2168,5,16,2168
2169,4,16,2169
2170,5,16,2170
2171,5,16,2171
2172,5,16,2172
2173,5,16,2173
2174,5,16,2174
2175,5,16,2175
2176,5,16,2176
2177,3,16,2177
2178,5,16,2178
2179,5,16,2179
2180,5,16,2180
2181,4,16,2181
2182,5,16,2182
2183,5,16,2183
2184,5,16,2184
2185,4,16,2185
2186,5,16,2186
2187,4,16,2187
2188,4,16,2188
2189,4,16,2189
2190,3,16,2190
2191,4,16,2191
2192,4,16,2192
2193,5,16,2193
2194,5,16,2194
2195,5,16,2195
2196,5,16,2196
2197,5,16,2197
2198,3,16,2198
2199,4,16,2199
2200,5,16,2200
2201,3,16,2201
2202,4,16,2202
2203,4,16,2203
2204,4,16,2204
2205,3,16,2205
2206,5,16,2206
2207,4,16,2207
2208,3,16,2208
2209,3,16,2209
2210,5,16,2210
2211,5,16,2211
2212,3,16,2212
2213,5,16,2213
2214,3,16,2214
2215,3,16,2215
2216,4,16,2216
2217,4,16,2217
2218,5,16,2218
2219,5,16,2219
2220,4,16,2220
2221,4,16,2221
2222,3,16,2222
2223,4,16,2223
2224,4,16,2224
2225,5,16,2225
2226,5,16,2226
2227,4,16,2227
2228,4,16,2228
2229,5,16,2229
2230,1,16,2230
2231,3,16,2231
2232,5,16,2232
2233,4,16,2233
2234,5,16,2234
2235,4,16,2235
2236,4,16,2236
2237,2,16,2237
2238,4,16,2238
2239,5,16,2239
2240,4,16,2240
2241,5,16,2241
2242,5,16,2242
2269,5,19,2243
2270,5,19,2244
2271,4,19,2245
2272,4,19,2246
2273,4,19,2247
2274,3,19,2248
2275,5,19,2249
2276,3,19,2250
2277,5,19,2251
2278,5,19,2252
2279,3,19,2253
2280,5,19,2254
2281,5,19,2255
2282,5,19,2256
2283,5,19,2257
2284,5,19,2258
2285,5,19,2259
2286,5,19,2260
2287,5,19,2261
2288,2,19,2262
2289,5,19,2263
2290,5,19,2264
2291,5,19,2265
2292,5,19,2266
2293,5,19,2267
2294,4,19,2268
2295,3,20,2269
2296,4,20,2270
2297,5,20,2271
2298,3,20,2272
2299,4,20,2273
2300,5,20,2274
2301,3,20,2275
2302,5,20,2276
2303,4,20,2277
2304,3,20,2278
2305,3,20,2279
2306,4,20,2280
2307,5,20,2281
2308,5,20,2282
2309,3,20,2283
2310,5,20,2284
2311,5,20,2285
2312,5,20,2286
2313,3,20,2287
2314,4,20,2288
2315,5,20,2289
2316,4,20,2290
2317,4,20,2291
2318,5,20,2292
2319,4,20,2293
2320,5,20,2294
2321,4,20,2295
2322,5,20,2296
2323,4,20,2297
2324,5,20,2298
2325,3,20,2299
2326,4,20,2300
2327,4,20,2301
2328,4,20,2302
2329,5,20,2303
2330,4,20,2304
2331,3,20,2305
2332,3,20,2306
2333,1,20,2307
2334,5,20,2308
2335,4,20,2309
2336,5,20,2310
2337,3,20,2311
2338,4,20,2312
2339,5,20,2313
2340,5,20,2314
2341,5,20,2315
2342,3,20,2316
2343,5,20,2317
2344,4,20,2318
2345,4,20,2319
2346,5,20,2320
2347,4,20,2321
2348,5,20,2322
2349,3,20,2323
2350,5,20,2324
2351,4,20,2325
2352,5,20,2326
2353,3,20,2327
2354,4,20,2328
2355,5,20,2329
2356,4,20,2330
2357,4,20,2331
2358,5,20,2332
2359,4,20,2333
2360,5,20,2334
2361,4,20,2335
2362,4,20,2336
2363,4,20,2337
2364,5,20,2338
2365,4,20,2339
2366,5,20,2340
2367,4,20,2341
2368,3,20,2342
2369,5,20,2343
2370,3,20,2344
2371,5,20,2345
2372,5,20,2346
2373,2,20,2347
2374,5,20,2348
2375,4,20,2349
2376,5,20,2350
2377,4,20,2351
2379,4,20,2353
2380,5,20,2354
2381,5,20,2355
2382,4,20,2356
2383,5,20,2357
2384,5,20,2358
2385,5,20,2359
2386,1,20,2360
2387,5,20,2361
2388,5,20,2362
2389,5,20,2363
2390,5,20,2364
2391,5,20,2365
2392,4,20,2366
2393,5,20,2367
2394,5,20,2368
2395,5,20,2369
2396,5,20,2370
2397,4,20,2371
2398,4,20,2372
2399,5,20,2373
2400,4,20,2374
2401,4,20,2375
2402,5,20,2376
2403,5,20,2377
2404,4,20,2378
2405,4,20,2379
2406,5,20,2380
2407,3,20,2381
2408,4,20,2382
2409,5,20,2383
2410,5,20,2384
2411,5,20,2385
2412,5,20,2386
2413,4,20,2387
2414,5,20,2388
2415,5,20,2389
2416,3,20,2390
2417,5,20,2391
2418,4,20,2392
2419,4,20,2393
2420,2,20,2394
2421,4,20,2395
2422,4,20,2396
2423,3,20,2397
2424,4,20,2398
2425,5,20,2399
2426,4,20,2400
2427,5,20,2401
2428,5,20,2402
2429,3,20,2403
2430,4,20,2404
2431,3,20,2405
2432,5,20,2406
2433,4,20,2407
2434,4,20,2408
2435,5,20,2409
2436,5,20,2410
2437,5,20,2411
2438,1,20,2412
2439,4,20,2413
2440,1,20,2414
2441,5,20,2415
2442,4,20,2416
2443,5,20,2417
2444,5,20,2418
2445,5,20,2419
2446,5,20,2420
2447,4,20,2421
2448,4,20,2422
2449,5,20,2423
2450,5,20,2424
2451,4,20,2425
2452,4,20,2426
2453,5,20,2427
2454,5,20,2428
2455,3,20,2429
2456,5,20,2430
2457,4,20,2431
2458,2,20,2432
2459,4,20,2433
2460,5,20,2434
2461,3,20,2435
2462,5,20,2436
2463,5,20,2437
2464,5,20,2438
2465,4,20,2439
2466,5,20,2440
2467,5,20,2441
2468,4,20,2442
2469,5,20,2443
2470,5,20,2444
2471,4,20,2445
2472,5,20,2446
2473,5,20,2447
2474,5,20,2448
2475,5,20,2449
2476,4,20,2450
2477,3,20,2451
2478,3,20,2452
2479,4,20,2453
2480,4,20,2454
2481,3,20,2455
2482,5,20,2456
2483,5,20,2457
2484,3,20,2458
2485,5,20,2459
2486,4,20,2460
2487,4,20,2461
2488,4,20,2462
2489,5,20,2463
2490,5,20,2464
2491,5,20,2465
2492,2,20,2466
2493,4,20,2467
2494,5,20,2468
2495,3,20,2469
2496,4,20,2470
2497,5,20,2471
2498,5,20,2472
2499,5,20,2473
2500,5,21,2474
2501,5,21,2475
2502,5,21,2476
2503,5,21,2477
2504,3,21,2478
2505,4,21,2479
2506,5,21,2480
2507,5,21,2481
2508,5,21,2482
2509,5,21,2483
2510,5,21,2484
2511,5,21,2485
2512,5,21,2486
2513,5,21,2487
2514,5,21,2488
2515,4,21,2489
2516,5,21,2490
2517,5,21,2491
2518,5,21,2492
2519,4,24,2493
2520,5,24,2494
2521,4,24,2495
2522,5,24,2496
2523,4,24,2497
2524,5,24,2498
2525,4,24,2499
2526,5,24,2500
2527,5,24,2501
2528,5,24,2502
2529,4,23,2503
2530,5,23,2504
2531,5,23,2505
2532,5,23,2506
2533,4,23,2507
2534,5,23,2508
2535,5,23,2509
2536,5,23,2510
2537,4,23,2511
2538,4,23,2512
2539,5,23,2513
2540,3,23,2514
2541,5,23,2515
2542,5,23,2516
2543,4,23,2517
2544,5,23,2518
2545,5,23,2519
2546,4,23,2520
2547,5,23,2521
2548,5,23,2522
2549,5,23,2523
2550,4,23,2524
2551,4,23,2525
2552,5,23,2526
2553,5,23,2527
2554,5,23,2528
2555,5,23,2529
2556,5,23,2530
2557,5,23,2531
2558,5,23,2532
2559,5,23,2533
2560,4,23,2534
2561,5,23,2535
2562,5,23,2536
2563,4,23,2537
2564,4,23,2538
2565,5,23,2539
2566,4,23,2540
2567,4,23,2541
2568,5,23,2542
2569,5,23,2543
2570,4,23,2544
2571,5,23,2545
2572,5,23,2546
2573,4,23,2547
2574,5,23,2548
2575,5,23,2549
2576,5,23,2550
2577,5,23,2551
2578,5,23,2552
2579,3,23,2553
2580,3,23,2554
2581,5,23,2555
2582,5,23,2556
2583,3,23,2557
2584,5,23,2558
2585,5,23,2559
2586,5,23,2560
2587,3,23,2561
2588,5,23,2562
2589,5,23,2563
2590,5,31,2564
2591,4,31,2565
2592,4,31,2566
2593,5,31,2567
2594,5,31,2568
2595,5,31,2569
2596,4,31,2570
2597,5,31,2571
2598,5,31,2572
2599,4,25,2573
2600,5,25,2574
2601,5,25,2575
2602,4,25,2576
2603,4,25,2577
2604,5,25,2578
2605,4,25,2579
2606,5,25,2580
2607,1,25,2581
2608,5,25,2582
2609,5,25,2583
2610,5,25,2584
2611,5,25,2585
2612,4,25,2586
2613,5,25,2587
2614,5,25,2588
2615,5,25,2589
2616,3,25,2590
2617,5,25,2591
2618,5,25,2592
2619,5,25,2593
2620,5,25,2594
2621,5,25,2595
2622,4,25,2596
2623,5,25,2597
2624,2,25,2598
2625,4,25,2599
2626,5,25,2600
2627,5,25,2601
2628,4,25,2602
2629,5,25,2603
2630,5,25,2604
2631,5,25,2605
2632,5,25,2606
2633,5,25,2607
2634,3,25,2608
2635,5,25,2609
2636,5,25,2610
2637,4,25,2611
2638,5,25,2612
2639,3,25,2613
2640,5,25,2614
2641,5,25,2615
2642,5,25,2616
2643,5,25,2617
2644,5,25,2618
2645,5,25,2619
2646,5,25,2620
2647,5,25,2621
2648,5,25,2622
2649,4,25,2623
2650,5,25,2624
2651,4,25,2625
2652,5,25,2626
2653,5,25,2627
2654,5,25,2628
2655,5,25,2629
2656,5,25,2630
2657,4,25,2631
2658,5,25,2632
2659,5,25,2633
2660,4,25,2634
2661,5,25,2635
2662,1,25,2636
2663,4,25,2637
2664,5,25,2638
2665,5,25,2639
2666,5,25,2640
2667,5,25,2641
2668,5,25,2642
2669,5,25,2643
2670,5,25,2644
2671,5,25,2645
2672,5,25,2646
2673,4,25,2647
2674,5,25,2648
2675,5,25,2649
2676,4,25,2650
2677,5,25,2651
2678,4,25,2652
2679,5,25,2653
2680,5,25,2654
2681,5,25,2655
2682,5,25,2656
2683,5,25,2657
2684,5,25,2658
2685,5,25,2659
2686,5,25,2660
2687,4,25,2661
2688,5,25,2662
2689,5,25,2663
2690,3,25,2664
2691,5,25,2665
2692,5,25,2666
2693,5,25,2667
2694,5,25,2668
2695,5,25,2669
2696,5,25,2670
2697,5,25,2671
2698,5,25,2672
2735,5,26,2673
2736,5,26,2674
2737,4,26,2675
2738,5,26,2676
2739,5,26,2677
2740,5,26,2678
2741,5,26,2679
2742,5,26,2680
2743,5,26,2681
2744,5,26,2682
2745,5,26,2683
2746,5,26,2684
2747,5,26,2685
2748,4,26,2686
2749,5,26,2687
2750,3,26,2688
2751,5,26,2689
2752,5,26,2690
2753,5,26,2691
2754,5,26,2692
2755,4,26,2693
2756,5,26,2694
2757,5,26,2695
2758,4,26,2696
2759,5,26,2697
2760,5,26,2698
2761,5,26,2699
2762,4,26,2700
2763,5,26,2701
2764,4,26,2702
2765,5,26,2703
2766,5,26,2704
2767,5,26,2705
2768,5,26,2706
2769,5,26,2707
2770,4,26,2708
2771,4,26,2709
2772,3,26,2710
2773,5,26,2711
2774,5,26,2712
2775,5,26,2713
2776,5,26,2714
2777,4,26,2715
2778,5,26,2716
2779,5,26,2717
2780,5,26,2718
2781,5,26,2719
2782,5,26,2720
2783,5,26,2721
2784,4,26,2722
2785,5,26,2723
2786,5,26,2724
2787,5,26,2725
2788,3,26,2726
2789,4,26,2727
2790,5,26,2728
2791,5,26,2729
2792,5,26,2730
2793,5,26,2731
2794,5,26,2732
2795,5,26,2733
2796,4,26,2734
2797,4,26,2735
2798,5,26,2736
2799,3,26,2737
2800,5,26,2738
2801,5,26,2739
2802,5,26,2740
2803,2,26,2741
2804,5,26,2742
2805,3,26,2743
2806,4,26,2744
2807,5,26,2745
2808,5,26,2746
2809,5,26,2747
2810,5,26,2748
2811,5,26,2749
2812,5,26,2750
2813,5,26,2751
2814,5,26,2752
2815,5,26,2753
2816,4,26,2754
2817,5,26,2755
2818,5,26,2756
2819,5,26,2757
2820,5,26,2758
2821,5,26,2759
2822,5,26,2760
2823,5,26,2761
2824,4,26,2762
2825,4,26,2763
2826,5,26,2764
2827,5,26,2765
2828,5,26,2766
2829,5,26,2767
2830,5,26,2768
2831,5,28,2769
2832,4,28,2770
2833,5,28,2771
2834,5,28,2772
2835,5,28,2773
2836,3,28,2774
2837,5,28,2775
2838,5,28,2776
2839,5,28,2777
2840,5,28,2778
2841,5,28,2779
2842,4,28,2780
2843,5,28,2781
2844,5,28,2782
2845,5,28,2783
2846,4,28,2784
2847,5,28,2785
2848,4,28,2786
2849,5,28,2787
2850,4,28,2788
2851,5,28,2789
2852,3,28,2790
2853,5,28,2791
2854,5,28,2792
2855,3,28,2793
2856,4,28,2794
2857,5,28,2795
2858,5,28,2796
2859,4,28,2797
2860,5,28,2798
2861,5,28,2799
2862,5,28,2800
2863,4,28,2801
2864,5,28,2802
2865,5,28,2803
2866,4,28,2804
2867,5,28,2805
2868,3,28,2806
2869,4,28,2807
2870,4,28,2808
2871,5,28,2809
2872,4,28,2810
2873,5,28,2811
2874,3,28,2812
2875,4,28,2813
2876,5,28,2814
2877,5,28,2815
2878,5,28,2816
2879,3,28,2817
2880,5,28,2818
2881,5,28,2819
2882,5,28,2820
2883,5,28,2821
2884,5,28,2822
2885,5,28,2823
2886,2,28,2824
2887,5,28,2825
2888,3,28,2826
2889,3,28,2827
2890,5,28,2828
2891,4,28,2829
2892,5,28,2830
2893,5,28,2831
2894,5,28,2832
2895,5,28,2833
2896,4,28,2834
2897,3,28,2835
2898,4,28,2836
2899,5,28,2837
2900,5,28,2838
2901,5,28,2839
2902,5,29,2840
2903,4,29,2841
2904,5,29,2842
2905,5,29,2843
2906,5,29,2844
2907,4,29,2845
2908,4,29,2846
2909,4,29,2847
2910,5,29,2848
2911,4,29,2849
2912,5,29,2850
2913,4,29,2851
2914,5,29,2852
2915,3,29,2853
2916,5,29,2854
2917,4,29,2855
2918,3,29,2856
2919,5,29,2857
2920,5,29,2858
2921,4,29,2859
2922,3,29,2860
2923,5,29,2861
2924,5,29,2862
2925,5,29,2863
2926,3,29,2864
2927,3,29,2865
2928,4,29,2866
2929,4,29,2867
2930,5,29,2868
2931,5,29,2869
2932,4,29,2870
2933,5,29,2871
2934,5,29,2872
2935,4,29,2873
2936,5,29,2874
2937,4,29,2875
2938,4,29,2876
2939,4,29,2877
2940,5,29,2878
2941,4,29,2879
2942,5,29,2880
2943,4,29,2881
2944,5,29,2882
2945,4,29,2883
2946,2,29,2884
2947,5,29,2885
2948,5,29,2886
2949,3,29,2887
2950,4,29,2888
2951,1,29,2889
2952,3,29,2890
2953,5,29,2891
2954,4,29,2892
2955,5,29,2893
2956,3,29,2894
2957,5,29,2895
2958,5,29,2896
2959,5,29,2897
2960,4,29,2898
2961,5,29,2899
2962,5,29,2900
2963,5,29,2901
2964,5,29,2902
2965,4,29,2903
2966,5,29,2904
2967,5,29,2905
2968,4,29,2906
2969,5,29,2907
2970,5,29,2908
2971,4,29,2909
2972,4,29,2910
2973,3,29,2911
2974,1,29,2912
2975,4,29,2913
2976,5,29,2914
2977,4,29,2915
2978,1,29,2916
2979,4,29,2917
2980,3,29,2918
2981,5,29,2919
2982,2,29,2920
2983,5,29,2921
2984,1,29,2922
2985,5,29,2923
2986,4,29,2924
2987,5,29,2925
2988,5,29,2926
2989,3,29,2927
2990,4,29,2928
2991,4,29,2929
2992,3,29,2930
2993,5,29,2931
2994,5,29,2932
2995,5,29,2933
2996,5,29,2934
2997,3,29,2935
2998,3,29,2936
2999,4,29,2937
3000,5,29,2938
3001,5,29,2939
3002,4,29,2940
3003,4,29,2941
3004,5,29,2942
3005,4,29,2943
3006,5,29,2944
3007,5,29,2945
3008,4,29,2946
3009,4,29,2947
3010,4,29,2948
3011,5,29,2949
3012,4,29,2950
3013,5,29,2951
3014,4,29,2952
3015,3,29,2953
3016,5,29,2954
3017,5,29,2955
3018,4,29,2956
3019,5,29,2957
3020,3,29,2958
3021,5,29,2959
3022,3,29,2960
3023,5,29,2961
3024,5,29,2962
3025,5,29,2963
3026,3,29,2964
3027,4,29,2965
3028,5,29,2966
3029,3,29,2967
3030,4,29,2968
3031,5,29,2969
3032,4,29,2970
3033,4,29,2971
3034,4,29,2972
3035,5,29,2973
3036,4,29,2974
3037,4,29,2975
3038,4,29,2976
3039,3,29,2977
3040,5,29,2978
3041,4,29,2979
3042,5,29,2980
3043,3,29,2981
3044,5,29,2982
3045,5,29,2983
3046,5,29,2984
3047,4,29,2985
3048,5,29,2986
3049,5,29,2987
3050,5,29,2988
3051,3,29,2989
3052,5,29,2990
3053,5,29,2991
3054,4,29,2992
3055,4,29,2993
3056,5,29,2994
3057,4,29,2995
3058,5,29,2996
3059,4,29,2997
3060,5,29,2998
3061,3,29,2999
3062,5,29,3000
3063,4,29,3001
3064,3,29,3002
3065,5,29,3003
3066,3,29,3004
3067,3,29,3005
3068,5,29,3006
3069,1,29,3007
3070,4,29,3008
3071,5,29,3009
3072,1,29,3010
3073,5,29,3011
3074,5,29,3012
3075,5,29,3013
3076,5,29,3014
3077,3,29,3015
3078,5,29,3016
3079,5,29,3017
3080,4,29,3018
3081,3,29,3019
3082,5,29,3020
3083,3,29,3021
3084,5,29,3022
3085,5,29,3023
3086,5,29,3024
3087,5,29,3025
3088,4,29,3026
3089,3,29,3027
3090,4,29,3028
3091,5,29,3029
3092,5,29,3030
3093,5,29,3031
3094,3,29,3032
3095,5,29,3033
3096,3,29,3034
3097,4,29,3035
3098,5,29,3036
3099,5,29,3037
3100,5,29,3038
3101,4,29,3039
3102,3,29,3040
3103,4,29,3041
3104,5,29,3042
3105,4,29,3043
3106,5,29,3044
3107,3,29,3045
3108,5,29,3046
3109,5,29,3047
3110,4,29,3048
3111,4,29,3049
3112,5,29,3050
3113,5,29,3051
3114,5,29,3052
3115,5,29,3053
3116,4,29,3054
3117,4,29,3055
3118,3,29,3056
3119,5,29,3057
3120,5,29,3058
3121,3,29,3059
3122,5,29,3060
3123,5,29,3061
3124,4,29,3062
3125,5,29,3063
3126,3,29,3064
3127,3,29,3065
3128,5,29,3066
3129,5,29,3067
3130,4,29,3068
3131,3,29,3069
3132,5,29,3070
3133,4,29,3071
3134,5,29,3072
3135,4,29,3073
3136,4,29,3074
3137,5,29,3075
3138,4,29,3076
3139,4,29,3077
3140,3,29,3078
3141,5,29,3079
3142,5,29,3080
3143,5,29,3081
3144,4,29,3082
3145,5,29,3083
3146,4,29,3084
3147,5,29,3085
3148,3,29,3086
3149,5,29,3087
3150,5,29,3088
3151,1,29,3089
3152,2,29,3090
3153,5,29,3091
3154,3,29,3092
3155,3,29,3093
3156,1,29,3094
3157,5,29,3095
3158,5,29,3096
3159,5,29,3097
3160,3,29,3098
3161,3,29,3099
3162,5,29,3100
3163,5,29,3101
3164,5,29,3102
3165,5,29,3103
3166,5,29,3104
3167,4,29,3105
3168,4,29,3106
3169,3,29,3107
3170,5,29,3108
3171,5,29,3109
3172,5,29,3110
3173,3,29,3111
3174,5,29,3112
3175,3,29,3113
3176,4,29,3114
3177,5,29,3115
3178,5,29,3116
3179,5,29,3117
3180,5,29,3118
3181,4,29,3119
3182,4,29,3120
3183,2,29,3121
3184,4,29,3122
3185,4,29,3123
3186,5,29,3124
3187,4,29,3125
3188,5,29,3126
3189,4,29,3127
3190,5,29,3128
3191,3,29,3129
3192,4,29,3130
3193,3,29,3131
3194,5,29,3132
3195,4,29,3133
3196,3,29,3134
3197,4,29,3135
3198,4,29,3136
3199,4,29,3137
3200,4,29,3138
3201,5,29,3139
3202,5,29,3140
3203,4,29,3141
3204,5,29,3142
3205,4,29,3143
3206,3,29,3144
3207,5,29,3145
3208,5,29,3146
3209,5,29,3147
3210,5,29,3148
3211,3,29,3149
3212,4,29,3150
3213,4,29,3151
3214,5,29,3152
3215,5,29,3153
3216,5,29,3154
3217,5,29,3155
3218,5,29,3156
3219,5,29,3157
3220,4,29,3158
3221,5,29,3159
3222,5,29,3160
3223,4,29,3161
3224,4,29,3162
3225,5,29,3163
3226,4,29,3164
3227,3,29,3165
3228,5,29,3166
3229,5,29,3167
3230,5,29,3168
3231,5,29,3169
3232,5,29,3170
3233,5,29,3171
3234,5,29,3172
3235,5,29,3173
3236,5,29,3174
3237,4,29,3175
3238,5,29,3176
3239,4,29,3177
3240,4,29,3178
3241,5,29,3179
3242,4,29,3180
3243,4,29,3181
3244,5,29,3182
3245,4,29,3183
3246,4,29,3184
3247,5,29,3185
3248,5,29,3186
3249,4,29,3187
3250,5,29,3188
3251,5,29,3189
3252,4,29,3190
3253,5,29,3191
3254,3,29,3192
3255,4,29,3193
3256,5,29,3194
3257,4,29,3195
3258,5,29,3196
3259,4,29,3197
3260,4,29,3198
3261,3,29,3199
3262,4,29,3200
3263,4,29,3201
3264,5,29,3202
3265,4,29,3203
3266,4,29,3204
3267,3,29,3205
3268,3,29,3206
3269,5,29,3207
3270,4,29,3208
3271,1,29,3209
3272,5,29,3210
3273,3,29,3211
3274,4,29,3212
3275,3,29,3213
3276,3,29,3214
3277,2,29,3215
3278,5,29,3216
3279,4,29,3217
3280,5,29,3218
3281,4,29,3219
3282,5,29,3220
3283,5,29,3221
3284,5,29,3222
3285,4,29,3223
3286,5,29,3224
3287,4,29,3225
3288,5,29,3226
3289,5,29,3227
3290,5,29,3228
3291,3,29,3229
3292,4,29,3230
3293,5,29,3231
3294,5,29,3232
3295,4,29,3233
3296,5,29,3234
3297,5,29,3235
3298,5,29,3236
3299,3,29,3237
3300,3,29,3238
3301,5,29,3239
3302,5,29,3240
3303,3,29,3241
3304,5,30,3242
3305,5,30,3243
3306,4,30,3244
3307,5,30,3245
3308,4,30,3246
3309,5,30,3247
3310,5,30,3248
3311,5,30,3249
3312,4,30,3250
3313,5,30,3251
3314,5,30,3252
3315,5,30,3253
3316,5,30,3254
3317,5,30,3255
3318,5,30,3256
3319,5,30,3257
3320,4,30,3258
3321,5,30,3259
3322,5,30,3260
3323,5,30,3261
3324,5,30,3262
3325,5,30,3263
3326,5,30,3264
3327,5,30,3265
3328,5,30,3266
3329,5,30,3267
3330,5,30,3268
3331,5,30,3269
3332,4,30,3270
3333,5,30,3271
3334,5,30,3272
3335,5,30,3273
3336,5,30,3274
3337,4,30,3275
3338,5,30,3276
3339,5,30,3277
3340,5,30,3278
3341,5,30,3279
3342,5,30,3280
3343,5,30,3281
3344,4,30,3282
3345,3,30,3283
3346,4,30,3284
3347,5,30,3285
3348,5,30,3286
3349,5,30,3287
3350,5,30,3288
3351,5,30,3289
3352,5,30,3290
